Date,Open,High,Low,Close,Adj Close,Volume
"Dec 14, 2012",12.51,12.6,12.39,12.46,12.46,"50,538,000"
"Dec 13, 2012",12.56,12.73,12.5,12.56,12.56,"49,204,000"
"Dec 12, 2012",12.55,12.72,12.5,12.59,12.59,"52,562,000"
"Dec 11, 2012",12.43,12.67,12.33,12.53,12.53,"83,704,000"
"Dec 10, 2012",12.65,12.74,12.36,12.39,12.39,"70,076,000"
"Dec 7, 2012",12.71,12.76,12.6,12.66,12.66,"43,406,000"
"Dec 6, 2012",12.65,12.76,12.58,12.67,12.67,"71,158,000"
"Dec 5, 2012",12.62,12.78,12.52,12.7,12.7,"57,044,000"
"Dec 4, 2012",12.5,12.65,12.43,12.62,12.62,"62,294,000"
"Dec 3, 2012",12.63,12.71,12.5,12.52,12.52,"59,812,000"
"Nov 30, 2012",12.52,12.63,12.41,12.6,12.6,"75,948,000"
"Nov 29, 2012",12.4,12.62,12.38,12.56,12.56,"106,210,000"
"Nov 28, 2012",12.12,12.36,12.07,12.36,12.36,"54,868,000"
"Nov 27, 2012",12.16,12.28,12.08,12.17,12.17,"60,970,000"
"Nov 26, 2012",12.02,12.22,11.9,12.18,12.18,"83,566,000"
"Nov 23, 2012",11.99,12,11.82,11.99,11.99,"35,536,000"
"Nov 21, 2012",11.69,11.93,11.64,11.9,11.9,"59,186,000"
"Nov 20, 2012",11.5,11.69,11.48,11.69,11.69,"55,434,000"
"Nov 19, 2012",11.42,11.63,11.37,11.49,11.49,"71,824,000"
"Nov 16, 2012",11.07,11.31,10.93,11.26,11.26,"87,056,000"
"Nov 15, 2012",11.11,11.26,10.91,11.03,11.03,"68,094,000"
"Nov 14, 2012",11.32,11.37,11.13,11.15,11.15,"60,682,000"
"Nov 13, 2012",11.26,11.4,11.24,11.33,11.33,"52,596,000"
"Nov 12, 2012",11.33,11.46,11.27,11.32,11.32,"42,576,000"
"Nov 9, 2012",11.31,11.55,11.23,11.32,11.32,"61,850,000"
"Nov 8, 2012",11.61,11.67,11.35,11.37,11.37,"59,648,000"
"Nov 7, 2012",11.78,11.78,11.47,11.6,11.6,"72,484,000"
"Nov 6, 2012",11.77,11.89,11.72,11.88,11.88,"53,226,000"
"Nov 5, 2012",11.6,11.74,11.51,11.72,11.72,"36,922,000"
"Nov 2, 2012",11.7,11.87,11.61,11.62,11.62,"67,494,000"
"Nov 1, 2012",11.71,11.73,11.57,11.61,11.61,"78,102,000"
"Oct 31, 2012",11.82,11.94,11.52,11.64,11.64,"95,952,000"
"Oct 26, 2012",11.43,11.94,11.33,11.91,11.91,"227,350,000"
"Oct 25, 2012",11.55,11.55,11.15,11.15,11.15,"134,826,000"
"Oct 24, 2012",11.79,11.8,11.4,11.42,11.42,"73,574,000"
"Oct 23, 2012",11.55,11.82,11.5,11.72,11.72,"88,616,000"
"Oct 22, 2012",11.94,11.95,11.62,11.69,11.69,"90,000,000"
"Oct 19, 2012",12.26,12.34,11.95,12,12,"87,906,000"
"Oct 18, 2012",12.39,12.55,12.14,12.24,12.24,"106,106,000"
"Oct 17, 2012",12.17,12.44,12.16,12.37,12.37,"66,054,000"
"Oct 16, 2012",12.24,12.29,12.1,12.2,12.2,"44,082,000"
"Oct 15, 2012",12.14,12.24,11.93,12.21,12.21,"59,196,000"
"Oct 12, 2012",12.16,12.27,12.1,12.12,12.12,"44,064,000"
"Oct 11, 2012",12.4,12.47,12.09,12.21,12.21,"68,946,000"
"Oct 10, 2012",12.6,12.62,12.2,12.25,12.25,"78,966,000"
"Oct 9, 2012",12.93,12.97,12.54,12.55,12.55,"69,896,000"
"Oct 8, 2012",12.88,12.99,12.78,12.95,12.95,"35,246,000"
"Oct 5, 2012",13.06,13.1,12.87,12.93,12.93,"56,130,000"
"Oct 4, 2012",12.8,13.08,12.79,13.02,13.02,"54,008,000"
"Oct 3, 2012",12.56,12.81,12.48,12.8,12.8,"54,912,000"
"Oct 2, 2012",12.64,12.66,12.45,12.53,12.53,"43,916,000"
"Oct 1, 2012",12.77,12.81,12.52,12.6,12.6,"51,624,000"
"Sep 28, 2012",12.81,12.85,12.66,12.72,12.72,"49,132,000"
"Sep 27, 2012",12.53,12.87,12.53,12.83,12.83,"67,948,000"
"Sep 26, 2012",12.62,12.73,12.41,12.48,12.48,"58,410,000"
"Sep 25, 2012",12.82,12.95,12.55,12.62,12.62,"88,116,000"
"Sep 24, 2012",12.76,12.78,12.65,12.74,12.74,"54,158,000"
"Sep 21, 2012",13.09,13.1,12.84,12.87,12.87,"121,186,000"
"Sep 20, 2012",13,13.04,12.9,13.04,13.04,"58,272,000"
"Sep 19, 2012",12.97,13.14,12.93,13.08,13.08,"52,736,000"
"Sep 18, 2012",12.92,13.02,12.85,12.94,12.94,"44,300,000"
"Sep 17, 2012",13.06,13.06,12.85,12.9,12.9,"46,126,000"
"Sep 14, 2012",13.07,13.21,12.99,13.06,13.06,"73,324,000"
"Sep 13, 2012",12.75,13.1,12.69,13.01,13.01,"70,512,000"
"Sep 12, 2012",12.82,12.89,12.68,12.78,12.78,"45,464,000"
"Sep 11, 2012",12.88,12.88,12.71,12.78,12.78,"50,496,000"
"Sep 10, 2012",12.95,13,12.84,12.85,12.85,"51,344,000"
"Sep 7, 2012",12.69,12.97,12.68,12.96,12.96,"100,590,000"
"Sep 6, 2012",12.41,12.64,12.36,12.57,12.57,"107,228,000"
"Sep 5, 2012",12.38,12.43,12.27,12.31,12.31,"53,052,000"
"Sep 4, 2012",12.41,12.55,12.23,12.39,12.39,"79,016,000"
"Aug 31, 2012",12.4,12.47,12.27,12.41,12.41,"66,950,000"
"Aug 30, 2012",12.35,12.5,12.26,12.31,12.31,"72,950,000"
"Aug 29, 2012",12.34,12.38,12.23,12.36,12.36,"35,452,000"
"Aug 28, 2012",12.2,12.34,12.15,12.31,12.31,"54,846,000"
"Aug 27, 2012",12.29,12.38,12.16,12.2,12.2,"58,594,000"
"Aug 24, 2012",12.08,12.34,12.07,12.29,12.29,"73,976,000"
"Aug 23, 2012",12.11,12.17,11.95,12.06,12.06,"49,078,000"
"Aug 22, 2012",11.97,12.24,11.94,12.15,12.15,"49,474,000"
"Aug 21, 2012",12.04,12.19,11.93,11.97,11.97,"51,430,000"
"Aug 20, 2012",12.07,12.08,11.91,12.02,12.02,"37,798,000"
"Aug 17, 2012",12.03,12.17,12.02,12.06,12.06,"61,716,000"
"Aug 16, 2012",11.89,12.14,11.81,12.08,12.08,"86,242,000"
"Aug 15, 2012",11.61,11.91,11.61,11.87,11.87,"65,294,000"
"Aug 14, 2012",11.74,11.84,11.63,11.66,11.66,"55,020,000"
"Aug 13, 2012",11.61,11.72,11.55,11.62,11.62,"39,946,000"
"Aug 10, 2012",11.65,11.74,11.57,11.64,11.64,"37,050,000"
"Aug 9, 2012",11.7,11.8,11.68,11.7,11.7,"30,962,000"
"Aug 8, 2012",11.76,11.82,11.68,11.72,11.72,"30,686,000"
"Aug 7, 2012",11.71,11.9,11.66,11.83,11.83,"41,166,000"
"Aug 6, 2012",11.78,11.79,11.69,11.7,11.7,"36,874,000"
"Aug 3, 2012",11.7,11.82,11.65,11.75,11.75,"56,506,000"
"Aug 2, 2012",11.53,11.72,11.43,11.54,11.54,"60,962,000"
"Aug 1, 2012",11.71,11.72,11.53,11.6,11.6,"50,876,000"
"Jul 31, 2012",11.76,11.81,11.58,11.66,11.66,"69,072,000"
"Jul 30, 2012",11.85,12.04,11.7,11.8,11.8,"74,728,000"
"Jul 27, 2012",11.26,11.92,11.23,11.87,11.87,"226,278,000"
"Jul 26, 2012",11,11.07,10.75,11,11,"138,748,000"
"Jul 25, 2012",11.1,11.13,10.8,10.85,10.85,"72,934,000"
"Jul 24, 2012",11.31,11.33,11.06,11.15,11.15,"100,174,000"
"Jul 23, 2012",11.24,11.33,11.08,11.3,11.3,"110,302,000"
"Jul 20, 2012",11.27,11.47,11.26,11.41,11.41,"83,400,000"
"Jul 19, 2012",11.04,11.38,11.03,11.31,11.31,"108,988,000"
"Jul 18, 2012",10.81,10.93,10.79,10.87,10.87,"41,860,000"
"Jul 17, 2012",10.87,10.9,10.7,10.85,10.85,"39,740,000"
"Jul 16, 2012",10.83,10.92,10.72,10.8,10.8,"40,084,000"
"Jul 13, 2012",10.78,10.97,10.69,10.92,10.92,"44,438,000"
"Jul 12, 2012",10.83,10.86,10.63,10.77,10.77,"52,324,000"
"Jul 11, 2012",10.95,11.09,10.77,10.92,10.92,"54,694,000"
"Jul 10, 2012",11.31,11.36,10.91,10.98,10.98,"59,642,000"
"Jul 9, 2012",11.25,11.3,11.17,11.25,11.25,"38,440,000"
"Jul 6, 2012",11.32,11.44,11.21,11.25,11.25,"64,064,000"
"Jul 5, 2012",11.43,11.52,11.33,11.35,11.35,"53,646,000"
"Jul 3, 2012",11.46,11.48,11.38,11.48,11.48,"26,634,000"
"Jul 2, 2012",11.47,11.47,11.32,11.47,11.47,"46,614,000"
"Jun 29, 2012",11.23,11.42,11.19,11.42,11.42,"72,288,000"
"Jun 28, 2012",11.2,11.23,10.94,11.07,11.07,"59,896,000"
"Jun 27, 2012",11.25,11.38,11.16,11.28,11.28,"55,984,000"
"Jun 26, 2012",11.07,11.32,11.07,11.28,11.28,"75,082,000"
"Jun 25, 2012",11.02,11.08,10.9,11,11,"47,646,000"
"Jun 22, 2012",11.09,11.13,10.97,11.11,11.11,"43,750,000"
"Jun 21, 2012",11.19,11.3,11.03,11.03,11.03,"56,860,000"
"Jun 20, 2012",11.23,11.24,11.04,11.15,11.15,"48,888,000"
"Jun 19, 2012",11.16,11.26,11.08,11.2,11.2,"54,332,000"
"Jun 18, 2012",10.86,11.19,10.84,11.13,11.13,"67,392,000"
"Jun 15, 2012",10.76,10.97,10.72,10.92,10.92,"75,704,000"
"Jun 14, 2012",10.76,10.82,10.63,10.72,10.72,"61,218,000"
"Jun 13, 2012",10.78,10.87,10.68,10.74,10.74,"46,504,000"
"Jun 12, 2012",10.88,10.9,10.73,10.82,10.82,"56,666,000"
"Jun 11, 2012",10.87,11.04,10.76,10.82,10.82,"74,982,000"
"Jun 8, 2012",10.93,10.97,10.83,10.92,10.92,"57,540,000"
"Jun 7, 2012",10.98,11.07,10.91,10.94,10.94,"70,078,000"
"Jun 6, 2012",10.73,10.92,10.73,10.88,10.88,"54,202,000"
"Jun 5, 2012",10.69,10.84,10.56,10.66,10.66,"70,878,000"
"Jun 4, 2012",10.37,10.77,10.32,10.73,10.73,"85,992,000"
"Jun 1, 2012",10.42,10.56,10.36,10.41,10.41,"79,030,000"
"May 31, 2012",10.47,10.69,10.36,10.65,10.65,"98,880,000"
"May 30, 2012",10.61,10.65,10.39,10.46,10.46,"81,564,000"
"May 29, 2012",10.72,10.83,10.61,10.74,10.74,"53,878,000"
"May 25, 2012",10.75,10.8,10.61,10.64,10.64,"43,428,000"
"May 24, 2012",10.85,10.88,10.64,10.76,10.76,"62,822,000"
"May 23, 2012",10.74,10.88,10.56,10.86,10.86,"84,876,000"
"May 22, 2012",10.92,10.94,10.7,10.77,10.77,"74,662,000"
"May 21, 2012",10.7,11,10.64,10.91,10.91,"71,596,000"
"May 18, 2012",10.97,10.98,10.64,10.69,10.69,"104,634,000"
"May 17, 2012",11.25,11.3,10.9,10.92,10.92,"90,110,000"
"May 16, 2012",11.25,11.4,11.13,11.2,11.2,"105,236,000"
"May 15, 2012",11.32,11.53,11.15,11.22,11.22,"114,274,000"
"May 14, 2012",11.28,11.36,11.13,11.15,11.15,"61,932,000"
"May 11, 2012",11.3,11.53,11.29,11.38,11.38,"83,872,000"
"May 10, 2012",11.2,11.45,11.1,11.33,11.33,"92,968,000"
"May 9, 2012",11.03,11.29,11.01,11.15,11.15,"74,240,000"
"May 8, 2012",11.16,11.27,10.91,11.19,11.19,"90,448,000"
"May 7, 2012",11.12,11.34,11.11,11.26,11.26,"66,286,000"
"May 4, 2012",11.39,11.49,11.19,11.2,11.2,"91,704,000"
"May 3, 2012",11.49,11.63,11.4,11.47,11.47,"81,110,000"
"May 2, 2012",11.39,11.57,11.37,11.51,11.51,"91,868,000"
"May 1, 2012",11.47,11.65,11.42,11.5,11.5,"135,098,000"
"Apr 30, 2012",11.2,11.69,11.15,11.6,11.6,"195,138,000"
"Apr 27, 2012",11.24,11.43,11.01,11.34,11.34,"442,338,000"
"Apr 26, 2012",9.68,9.82,9.65,9.8,9.8,"204,680,000"
"Apr 25, 2012",9.58,9.74,9.58,9.72,9.72,"79,102,000"
"Apr 24, 2012",9.43,9.53,9.33,9.52,9.52,"67,526,000"
"Apr 23, 2012",9.45,9.45,9.28,9.41,9.41,"69,620,000"
"Apr 20, 2012",9.62,9.67,9.49,9.5,9.5,"64,872,000"
"Apr 19, 2012",9.65,9.73,9.49,9.56,9.56,"80,048,000"
"Apr 18, 2012",9.44,9.67,9.44,9.55,9.55,"80,038,000"
"Apr 17, 2012",9.36,9.5,9.34,9.42,9.42,"56,584,000"
"Apr 16, 2012",9.45,9.47,9.18,9.27,9.27,"80,886,000"
"Apr 13, 2012",9.49,9.5,9.31,9.42,9.42,"68,636,000"
"Apr 12, 2012",9.4,9.61,9.28,9.53,9.53,"80,558,000"
"Apr 11, 2012",9.48,9.6,9.34,9.4,9.4,"86,756,000"
"Apr 10, 2012",9.64,9.68,9.33,9.35,9.35,"89,100,000"
"Apr 9, 2012",9.6,9.71,9.52,9.59,9.59,"62,718,000"
"Apr 5, 2012",9.68,9.8,9.68,9.72,9.72,"64,350,000"
"Apr 4, 2012",9.85,9.88,9.62,9.7,9.7,"109,138,000"
"Apr 3, 2012",9.91,10.12,9.88,9.98,9.98,"100,014,000"
"Apr 2, 2012",9.9,9.99,9.85,9.9,9.9,"128,606,000"
"Mar 30, 2012",10.25,10.34,10.09,10.13,10.13,"88,762,000"
"Mar 29, 2012",10.06,10.27,10.03,10.23,10.23,"114,224,000"
"Mar 28, 2012",10.31,10.35,10.02,10.06,10.06,"124,900,000"
"Mar 27, 2012",10.18,10.49,10.14,10.27,10.27,"192,016,000"
"Mar 26, 2012",9.82,10.15,9.77,10.14,10.14,"152,274,000"
"Mar 23, 2012",9.6,9.81,9.59,9.75,9.75,"119,680,000"
"Mar 22, 2012",9.53,9.7,9.51,9.62,9.62,"74,792,000"
"Mar 21, 2012",9.63,9.71,9.56,9.59,9.59,"84,288,000"
"Mar 20, 2012",9.24,9.72,9.14,9.62,9.62,"183,308,000"
"Mar 19, 2012",9.17,9.33,9.15,9.28,9.28,"78,068,000"
"Mar 16, 2012",9.16,9.28,9.12,9.25,9.25,"98,680,000"
"Mar 15, 2012",9.1,9.22,9.02,9.22,9.22,"83,202,000"
"Mar 14, 2012",9.18,9.22,9.06,9.11,9.11,"73,994,000"
"Mar 13, 2012",9.2,9.24,9.04,9.23,9.23,"88,116,000"
"Mar 12, 2012",9.21,9.27,9.11,9.17,9.17,"51,752,000"
"Mar 9, 2012",9.34,9.36,9.17,9.22,9.22,"90,212,000"
"Mar 8, 2012",9.21,9.42,9.19,9.38,9.38,"84,430,000"
"Mar 7, 2012",9.13,9.27,9.12,9.19,9.19,"99,030,000"
"Mar 6, 2012",8.93,9.18,8.9,9.05,9.05,"112,244,000"
"Mar 5, 2012",8.95,9.09,8.91,9.01,9.01,"93,654,000"
"Mar 2, 2012",8.97,9.09,8.95,8.97,8.97,"73,156,000"
"Mar 1, 2012",8.99,9.02,8.83,9,9,"98,720,000"
"Feb 29, 2012",9.19,9.2,8.95,8.98,8.98,"106,006,000"
"Feb 28, 2012",8.94,9.21,8.9,9.19,9.19,"115,290,000"
"Feb 27, 2012",8.88,8.96,8.82,8.93,8.93,"74,124,000"
"Feb 24, 2012",8.98,9.04,8.92,8.96,8.96,"73,374,000"
"Feb 23, 2012",8.98,9.04,8.85,8.94,8.94,"103,076,000"
"Feb 22, 2012",9.1,9.15,9.01,9.03,9.03,"115,708,000"
"Feb 21, 2012",9.13,9.24,9.03,9.11,9.11,"135,130,000"
"Feb 17, 2012",9,9.17,8.97,9.13,9.13,"148,362,000"
"Feb 16, 2012",8.89,9.08,8.76,9,9,"251,276,000"
"Feb 15, 2012",9.56,9.58,9.16,9.22,9.22,"155,888,000"
"Feb 14, 2012",9.55,9.68,9.31,9.56,9.56,"190,542,000"
"Feb 13, 2012",9.36,9.63,9.28,9.58,9.58,"121,428,000"
"Feb 10, 2012",9.17,9.38,9.13,9.28,9.28,"115,942,000"
"Feb 9, 2012",9.23,9.28,9.09,9.25,9.25,"143,784,000"
"Feb 8, 2012",9.25,9.32,9.15,9.27,9.27,"109,532,000"
"Feb 7, 2012",9.13,9.25,9.1,9.21,9.21,"102,078,000"
"Feb 6, 2012",9.31,9.33,9.15,9.16,9.16,"106,200,000"
"Feb 3, 2012",9.14,9.4,9.09,9.38,9.38,"162,410,000"
"Feb 2, 2012",8.98,9.1,8.84,9.09,9.09,"174,726,000"
"Feb 1, 2012",8.69,9,8.6,8.97,8.97,"426,732,000"
"Jan 31, 2012",9.7,9.78,9.48,9.72,9.72,"255,444,000"
"Jan 30, 2012",9.68,9.75,9.51,9.61,9.61,"108,482,000"
"Jan 27, 2012",9.65,9.82,9.62,9.77,9.77,"93,180,000"
"Jan 26, 2012",9.47,9.74,9.44,9.67,9.67,"117,472,000"
"Jan 25, 2012",9.35,9.41,9.23,9.39,9.39,"86,128,000"
"Jan 24, 2012",9.25,9.42,9.19,9.35,9.35,"93,476,000"
"Jan 23, 2012",9.54,9.59,9.26,9.3,9.3,"91,706,000"
"Jan 20, 2012",9.54,9.65,9.45,9.55,9.55,"112,206,000"
"Jan 19, 2012",9.54,9.8,9.52,9.72,9.72,"141,920,000"
"Jan 18, 2012",9.1,9.51,9.06,9.47,9.47,"149,470,000"
"Jan 17, 2012",9.01,9.16,8.93,9.08,9.08,"112,890,000"
"Jan 13, 2012",8.79,8.94,8.68,8.92,8.92,"95,070,000"
"Jan 12, 2012",8.97,8.97,8.79,8.8,8.8,"107,716,000"
"Jan 11, 2012",8.98,9.04,8.91,8.94,8.94,"62,054,000"
"Jan 10, 2012",9.06,9.12,8.85,8.97,8.97,"79,716,000"
"Jan 9, 2012",9.14,9.22,8.85,8.93,8.93,"101,138,000"
"Jan 6, 2012",8.9,9.23,8.88,9.13,9.13,"140,168,000"
"Jan 5, 2012",8.8,8.91,8.7,8.88,8.88,"76,182,000"
"Jan 4, 2012",8.96,9.02,8.8,8.88,8.88,"84,104,000"
"Jan 3, 2012",8.79,8.97,8.78,8.95,8.95,"102,216,000"
"Dec 30, 2011",8.67,8.76,8.62,8.65,8.65,"85,596,000"
"Dec 29, 2011",8.48,8.73,8.35,8.69,8.69,"164,186,000"
"Dec 28, 2011",8.82,8.83,8.61,8.69,8.69,"73,190,000"
"Dec 27, 2011",8.89,8.93,8.81,8.81,8.81,"59,018,000"
"Dec 23, 2011",8.96,8.98,8.78,8.86,8.86,"69,930,000"
"Dec 22, 2011",8.75,8.98,8.71,8.95,8.95,"93,898,000"
"Dec 21, 2011",9.1,9.18,8.62,8.72,8.72,"161,334,000"
"Dec 20, 2011",9.13,9.16,9.03,9.13,9.13,"92,002,000"
"Dec 19, 2011",9.1,9.16,8.95,8.97,8.97,"90,672,000"
"Dec 16, 2011",9.12,9.22,9.02,9.06,9.06,"133,282,000"
"Dec 15, 2011",9.1,9.24,8.98,9.06,9.06,"145,198,000"
"Dec 14, 2011",8.95,9.04,8.51,9.01,9.01,"232,284,000"
"Dec 13, 2011",9.43,9.48,8.93,9.03,9.03,"185,946,000"
"Dec 12, 2011",9.5,9.56,9.38,9.48,9.48,"86,864,000"
"Dec 9, 2011",9.56,9.7,9.42,9.65,9.65,"103,176,000"
"Dec 8, 2011",9.68,9.79,9.5,9.52,9.52,"87,222,000"
"Dec 7, 2011",9.55,9.84,9.46,9.77,9.77,"128,546,000"
"Dec 6, 2011",9.8,9.92,9.51,9.6,9.6,"104,040,000"
"Dec 5, 2011",9.94,9.95,9.68,9.81,9.81,"118,442,000"
"Dec 2, 2011",9.85,9.98,9.76,9.8,9.8,"150,524,000"
"Dec 1, 2011",9.59,9.9,9.58,9.86,9.86,"146,554,000"
"Nov 30, 2011",9.74,9.77,9.44,9.61,9.61,"154,340,000"
"Nov 29, 2011",9.74,9.77,9.36,9.42,9.42,"131,502,000"
"Nov 28, 2011",9.58,9.73,9.53,9.71,9.71,"144,146,000"
"Nov 25, 2011",9.52,9.54,9.08,9.12,9.12,"99,440,000"
"Nov 23, 2011",9.65,9.73,9.39,9.45,9.45,"160,226,000"
"Nov 22, 2011",9.35,9.7,9.18,9.62,9.62,"198,312,000"
"Nov 21, 2011",9.66,9.67,9.25,9.46,9.46,"226,424,000"
"Nov 18, 2011",10.27,10.27,9.86,9.86,9.86,"168,750,000"
"Nov 17, 2011",10.63,10.65,10.1,10.23,10.23,"159,662,000"
"Nov 16, 2011",10.81,10.85,10.56,10.6,10.6,"110,188,000"
"Nov 15, 2011",10.9,11.02,10.71,10.89,10.89,"114,780,000"
"Nov 14, 2011",10.78,11.12,10.71,10.95,10.95,"130,444,000"
"Nov 11, 2011",10.63,10.89,10.52,10.87,10.87,"103,262,000"
"Nov 10, 2011",10.68,10.7,10.4,10.54,10.54,"100,892,000"
"Nov 9, 2011",10.75,10.78,10.53,10.56,10.56,"93,612,000"
"Nov 8, 2011",10.96,10.97,10.76,10.9,10.9,"78,290,000"
"Nov 7, 2011",10.84,11.01,10.7,10.85,10.85,"77,200,000"
"Nov 4, 2011",10.88,10.91,10.72,10.82,10.82,"81,316,000"
"Nov 3, 2011",10.81,10.93,10.65,10.91,10.91,"106,300,000"
"Nov 2, 2011",10.78,10.84,10.64,10.78,10.78,"122,440,000"
"Nov 1, 2011",10.41,10.81,10.37,10.6,10.6,"170,236,000"
"Oct 31, 2011",10.79,10.94,10.65,10.68,10.68,"146,866,000"
"Oct 28, 2011",10.33,10.92,10.29,10.87,10.87,"197,608,000"
"Oct 27, 2011",10.21,10.43,10.06,10.34,10.34,"215,486,000"
"Oct 26, 2011",10.18,10.38,9.83,9.92,9.92,"482,684,000"
"Oct 25, 2011",11.93,11.95,11.29,11.36,11.36,"280,252,000"
"Oct 24, 2011",11.8,12.02,11.7,11.88,11.88,"99,516,000"
"Oct 21, 2011",11.85,11.85,11.53,11.74,11.74,"91,450,000"
"Oct 20, 2011",11.61,11.74,11.49,11.68,11.68,"90,498,000"
"Oct 19, 2011",12.03,12.17,11.46,11.58,11.58,"134,302,000"
"Oct 18, 2011",12.12,12.23,11.83,12.19,12.19,"92,194,000"
"Oct 17, 2011",12.21,12.34,12.03,12.12,12.12,"95,580,000"
"Oct 14, 2011",12.04,12.34,12.01,12.34,12.34,"118,474,000"
"Oct 13, 2011",11.85,11.98,11.76,11.81,11.81,"96,670,000"
"Oct 12, 2011",11.83,12.09,11.72,11.84,11.84,"130,216,000"
"Oct 11, 2011",11.53,11.84,11.45,11.77,11.77,"100,074,000"
"Oct 10, 2011",11.31,11.64,11.2,11.57,11.57,"102,862,000"
"Oct 7, 2011",11.12,11.4,10.92,11.24,11.24,"135,686,000"
"Oct 6, 2011",11.01,11.18,10.88,11.08,11.08,"136,986,000"
"Oct 5, 2011",10.63,11.01,10.42,10.98,10.98,"130,164,000"
"Oct 4, 2011",10.48,10.75,10.02,10.63,10.63,"174,232,000"
"Oct 3, 2011",10.85,11.08,10.57,10.6,10.6,"132,488,000"
"Sep 30, 2011",10.91,11.15,10.76,10.81,10.81,"131,006,000"
"Sep 29, 2011",11.71,11.72,10.81,11.12,11.12,"187,570,000"
"Sep 28, 2011",11.32,11.79,11.28,11.49,11.49,"288,738,000"
"Sep 27, 2011",11.71,11.74,11.12,11.21,11.21,"156,750,000"
"Sep 26, 2011",11.37,11.51,11.07,11.49,11.49,"115,882,000"
"Sep 23, 2011",11.03,11.22,10.95,11.18,11.18,"129,362,000"
"Sep 22, 2011",11.24,11.44,10.95,11.16,11.16,"165,092,000"
"Sep 21, 2011",11.73,12.03,11.59,11.59,11.59,"117,630,000"
"Sep 20, 2011",12.04,12.05,11.55,11.66,11.66,"147,710,000"
"Sep 19, 2011",11.86,12.2,11.64,12.08,12.08,"164,466,000"
"Sep 16, 2011",11.38,12.02,11.34,11.97,11.97,"235,060,000"
"Sep 15, 2011",11.2,11.36,11.06,11.34,11.34,"112,176,000"
"Sep 14, 2011",11.01,11.25,10.84,11.13,11.13,"117,634,000"
"Sep 13, 2011",10.89,11,10.75,10.98,10.98,"96,718,000"
"Sep 12, 2011",10.44,10.83,10.43,10.83,10.83,"106,842,000"
"Sep 9, 2011",10.75,10.85,10.49,10.57,10.57,"91,486,000"
"Sep 8, 2011",10.91,11.03,10.82,10.86,10.86,"87,958,000"
"Sep 7, 2011",10.94,11.01,10.71,10.99,10.99,"105,916,000"
"Sep 6, 2011",10.24,10.83,10.22,10.81,10.81,"124,324,000"
"Sep 2, 2011",10.45,10.53,10.35,10.5,10.5,"84,640,000"
"Sep 1, 2011",10.76,10.88,10.58,10.63,10.63,"105,506,000"
"Aug 31, 2011",10.61,10.81,10.57,10.76,10.76,"148,100,000"
"Aug 30, 2011",10.29,10.62,10.22,10.55,10.55,"118,314,000"
"Aug 29, 2011",10.14,10.33,10.13,10.33,10.33,"90,220,000"
"Aug 26, 2011",9.56,9.99,9.48,9.96,9.96,"106,214,000"
"Aug 25, 2011",9.72,9.85,9.55,9.6,9.6,"75,216,000"
"Aug 24, 2011",9.69,9.82,9.51,9.69,9.69,"124,974,000"
"Aug 23, 2011",8.95,9.74,8.93,9.68,9.68,"147,032,000"
"Aug 22, 2011",9.14,9.21,8.85,8.88,8.88,"106,274,000"
"Aug 19, 2011",9.01,9.5,8.88,8.95,8.95,"144,884,000"
"Aug 18, 2011",9.56,9.57,8.99,9.13,9.13,"165,504,000"
"Aug 17, 2011",9.93,9.98,9.69,9.8,9.8,"79,822,000"
"Aug 16, 2011",10.06,10.07,9.74,9.88,9.88,"104,118,000"
"Aug 15, 2011",10.1,10.26,9.92,10.15,10.15,"95,718,000"
"Aug 12, 2011",10.01,10.23,9.86,10.11,10.11,"112,408,000"
"Aug 11, 2011",9.85,10.04,9.57,9.92,9.92,"148,038,000"
"Aug 10, 2011",10.04,10.12,9.68,9.71,9.71,"175,152,000"
"Aug 9, 2011",9.84,10.25,9.52,10.25,10.25,"209,824,000"
"Aug 8, 2011",9.82,10.02,9.5,9.69,9.69,"208,550,000"
"Aug 5, 2011",10.23,10.37,9.74,10.14,10.14,"200,480,000"
"Aug 4, 2011",10.34,10.4,10.07,10.07,10.07,"131,590,000"
"Aug 3, 2011",10.65,10.74,10.28,10.5,10.5,"163,942,000"
"Aug 2, 2011",11.02,11.12,10.56,10.59,10.59,"131,734,000"
"Aug 1, 2011",11.25,11.37,10.88,11.07,11.07,"115,786,000"
"Jul 29, 2011",11.06,11.29,10.98,11.13,11.13,"103,354,000"
"Jul 28, 2011",11.16,11.3,11.01,11.19,11.19,"107,098,000"
"Jul 27, 2011",11.22,11.36,10.98,11.13,11.13,"259,112,000"
"Jul 26, 2011",10.75,10.78,10.52,10.71,10.71,"197,272,000"
"Jul 25, 2011",10.77,10.8,10.65,10.67,10.67,"66,856,000"
"Jul 22, 2011",10.69,10.9,10.56,10.83,10.83,"71,834,000"
"Jul 21, 2011",10.84,10.85,10.55,10.66,10.66,"90,906,000"
"Jul 20, 2011",11,11.01,10.72,10.78,10.78,"67,458,000"
"Jul 19, 2011",10.69,10.92,10.69,10.9,10.9,"88,744,000"
"Jul 18, 2011",10.63,10.67,10.41,10.58,10.58,"57,962,000"
"Jul 15, 2011",10.65,10.73,10.46,10.64,10.64,"81,452,000"
"Jul 14, 2011",10.68,10.8,10.47,10.52,10.52,"78,050,000"
"Jul 13, 2011",10.73,10.84,10.61,10.68,10.68,"84,598,000"
"Jul 12, 2011",10.73,10.78,10.56,10.56,10.56,"79,714,000"
"Jul 11, 2011",10.84,10.88,10.55,10.63,10.63,"80,674,000"
"Jul 8, 2011",10.72,10.92,10.66,10.91,10.91,"74,158,000"
"Jul 7, 2011",10.75,10.89,10.75,10.84,10.84,"62,898,000"
"Jul 6, 2011",10.61,10.72,10.55,10.71,10.71,"52,152,000"
"Jul 5, 2011",10.44,10.72,10.44,10.66,10.66,"71,704,000"
"Jul 1, 2011",10.28,10.51,10.18,10.47,10.47,"80,174,000"
"Jun 30, 2011",10.04,10.26,10.02,10.22,10.22,"88,962,000"
"Jun 29, 2011",10.13,10.31,10.05,10.21,10.21,"92,178,000"
"Jun 28, 2011",10.1,10.14,10.03,10.12,10.12,"76,506,000"
"Jun 27, 2011",9.73,10.13,9.7,10.06,10.06,"122,014,000"
"Jun 24, 2011",9.69,9.75,9.57,9.63,9.63,"72,290,000"
"Jun 23, 2011",9.48,9.72,9.41,9.71,9.71,"92,192,000"
"Jun 22, 2011",9.7,9.76,9.57,9.58,9.58,"62,594,000"
"Jun 21, 2011",9.41,9.75,9.36,9.71,9.71,"83,652,000"
"Jun 20, 2011",9.3,9.44,9.28,9.39,9.39,"56,634,000"
"Jun 17, 2011",9.33,9.37,9.23,9.32,9.32,"126,444,000"
"Jun 16, 2011",9.29,9.35,9.08,9.18,9.18,"120,642,000"
"Jun 15, 2011",9.4,9.62,9.27,9.3,9.3,"126,354,000"
"Jun 14, 2011",9.45,9.54,9.35,9.5,9.5,"79,206,000"
"Jun 13, 2011",9.34,9.47,9.24,9.31,9.31,"77,378,000"
"Jun 10, 2011",9.46,9.54,9.31,9.33,9.33,"75,208,000"
"Jun 9, 2011",9.49,9.59,9.29,9.48,9.48,"83,746,000"
"Jun 8, 2011",9.37,9.49,9.32,9.4,9.4,"74,332,000"
"Jun 7, 2011",9.29,9.53,9.28,9.38,9.38,"97,330,000"
"Jun 6, 2011",9.4,9.49,9.26,9.28,9.28,"74,320,000"
"Jun 3, 2011",9.56,9.66,9.38,9.42,9.42,"99,490,000"
"Jun 2, 2011",9.61,9.72,9.53,9.68,9.68,"60,898,000"
"Jun 1, 2011",9.8,9.86,9.6,9.62,9.62,"68,904,000"
"May 31, 2011",9.8,9.92,9.75,9.83,9.83,"68,180,000"
"May 27, 2011",9.74,9.81,9.68,9.71,9.71,"47,052,000"
"May 26, 2011",9.56,9.82,9.54,9.75,9.75,"81,504,000"
"May 25, 2011",9.68,9.72,9.56,9.61,9.61,"93,226,000"
"May 24, 2011",9.85,9.85,9.65,9.66,9.66,"59,454,000"
"May 23, 2011",9.78,9.86,9.6,9.81,9.81,"84,000,000"
"May 20, 2011",9.9,9.99,9.86,9.93,9.93,"67,620,000"
"May 19, 2011",9.92,10,9.88,9.94,9.94,"74,024,000"
"May 18, 2011",9.71,9.91,9.66,9.85,9.85,"99,116,000"
"May 17, 2011",9.59,9.8,9.59,9.74,9.74,"141,466,000"
"May 16, 2011",10.03,10.05,9.57,9.63,9.63,"187,728,000"
"May 13, 2011",10.28,10.32,10.12,10.13,10.13,"82,474,000"
"May 12, 2011",10.21,10.31,10.03,10.3,10.3,"96,000,000"
"May 11, 2011",10.16,10.27,10.11,10.22,10.22,"96,180,000"
"May 10, 2011",10.1,10.26,10.08,10.2,10.2,"117,718,000"
"May 9, 2011",9.92,10.12,9.84,10.04,10.04,"116,508,000"
"May 6, 2011",9.95,9.98,9.83,9.88,9.88,"80,278,000"
"May 5, 2011",9.93,10.05,9.81,9.86,9.86,"92,000,000"
"May 4, 2011",9.91,10.09,9.77,10,10,"131,000,000"
"May 3, 2011",10.05,10.13,9.83,9.92,9.92,"122,000,000"
"May 2, 2011",9.83,10.17,9.81,10.06,10.06,"187,962,000"
"Apr 29, 2011",9.72,9.83,9.69,9.79,9.79,"132,818,000"
"Apr 28, 2011",9.8,9.84,9.61,9.75,9.75,"146,000,000"
"Apr 27, 2011",9.16,9.89,9.14,9.83,9.83,"472,460,000"
"Apr 26, 2011",9.31,9.32,9.04,9.11,9.11,"224,000,000"
"Apr 25, 2011",9.28,9.32,9.19,9.27,9.27,"68,762,000"
"Apr 21, 2011",9.23,9.3,9.15,9.29,9.29,"66,962,000"
"Apr 20, 2011",9.08,9.25,9.08,9.19,9.19,"81,350,000"
"Apr 19, 2011",8.92,8.97,8.83,8.94,8.94,"52,920,000"
"Apr 18, 2011",8.92,8.95,8.77,8.92,8.92,"92,330,000"
"Apr 15, 2011",9.05,9.09,8.95,9,9,"85,448,000"
"Apr 14, 2011",9.07,9.1,8.97,9.09,9.09,"71,764,000"
"Apr 13, 2011",9.04,9.14,8.99,9.11,9.11,"84,326,000"
"Apr 12, 2011",9.15,9.23,8.97,9.02,9.02,"106,690,000"
"Apr 11, 2011",9.24,9.32,9.09,9.2,9.2,"65,942,000"
"Apr 8, 2011",9.26,9.31,9.14,9.24,9.24,"74,528,000"
"Apr 7, 2011",9.14,9.26,9.09,9.25,9.25,"91,280,000"
"Apr 6, 2011",9.31,9.41,9.06,9.14,9.14,"108,614,000"
"Apr 5, 2011",9.1,9.32,9.09,9.26,9.26,"111,384,000"
"Apr 4, 2011",9.04,9.18,9.03,9.15,9.15,"83,728,000"
"Apr 1, 2011",9.08,9.16,8.93,9.01,9.01,"113,682,000"
"Mar 31, 2011",8.97,9.08,8.93,9.01,9.01,"96,530,000"
"Mar 30, 2011",8.89,9.06,8.88,8.97,8.97,"137,186,000"
"Mar 29, 2011",8.54,8.74,8.5,8.73,8.73,"97,692,000"
"Mar 28, 2011",8.59,8.63,8.46,8.47,8.47,"68,016,000"
"Mar 25, 2011",8.58,8.67,8.52,8.55,8.55,"85,876,000"
"Mar 24, 2011",8.41,8.6,8.37,8.56,8.56,"125,664,000"
"Mar 23, 2011",8.11,8.31,8.04,8.27,8.27,"94,426,000"
"Mar 22, 2011",8.2,8.22,8.11,8.13,8.13,"72,228,000"
"Mar 21, 2011",8.17,8.29,8.09,8.23,8.23,"81,102,000"
"Mar 18, 2011",8.06,8.18,8.03,8.09,8.09,"148,854,000"
"Mar 17, 2011",8.3,8.31,8.04,8.05,8.05,"129,428,000"
"Mar 16, 2011",8.23,8.41,8.14,8.23,8.23,"104,162,000"
"Mar 15, 2011",8.07,8.34,8.04,8.25,8.25,"98,690,000"
"Mar 14, 2011",8.33,8.4,8.23,8.34,8.34,"80,440,000"
"Mar 11, 2011",8.27,8.46,8.21,8.4,8.4,"92,198,000"
"Mar 10, 2011",8.35,8.42,8.24,8.31,8.31,"119,968,000"
"Mar 9, 2011",8.33,8.49,8.19,8.45,8.45,"142,178,000"
"Mar 8, 2011",8.47,8.49,8.34,8.34,8.34,"84,380,000"
"Mar 7, 2011",8.6,8.6,8.31,8.45,8.45,"118,658,000"
"Mar 4, 2011",8.63,8.64,8.48,8.58,8.58,"98,486,000"
"Mar 3, 2011",8.69,8.72,8.6,8.64,8.64,"82,764,000"
"Mar 2, 2011",8.45,8.66,8.42,8.6,8.6,"103,714,000"
"Mar 1, 2011",8.68,8.7,8.43,8.47,8.47,"116,942,000"
"Feb 28, 2011",8.7,8.79,8.61,8.66,8.66,"135,664,000"
"Feb 25, 2011",8.95,9.04,8.85,8.86,8.86,"83,828,000"
"Feb 24, 2011",8.84,8.99,8.73,8.89,8.89,"93,130,000"
"Feb 23, 2011",9.01,9.06,8.72,8.83,8.83,"109,640,000"
"Feb 22, 2011",9.18,9.24,8.97,9.02,9.02,"112,742,000"
"Feb 18, 2011",9.38,9.43,9.26,9.32,9.32,"83,572,000"
"Feb 17, 2011",9.29,9.45,9.27,9.39,9.39,"68,510,000"
"Feb 16, 2011",9.49,9.5,9.32,9.33,9.33,"92,564,000"
"Feb 15, 2011",9.44,9.52,9.41,9.45,9.45,"77,818,000"
"Feb 14, 2011",9.46,9.57,9.42,9.52,9.52,"81,226,000"
"Feb 11, 2011",9.28,9.48,9.27,9.46,9.46,"89,758,000"
"Feb 10, 2011",9.22,9.36,9.18,9.31,9.31,"106,628,000"
"Feb 9, 2011",9.16,9.32,9.11,9.27,9.27,"166,254,000"
"Feb 8, 2011",8.83,9.16,8.83,9.15,9.15,"155,898,000"
"Feb 7, 2011",8.81,8.88,8.74,8.82,8.82,"105,094,000"
"Feb 4, 2011",8.7,8.86,8.69,8.8,8.8,"86,956,000"
"Feb 3, 2011",8.68,8.73,8.6,8.69,8.69,"73,578,000"
"Feb 2, 2011",8.57,8.76,8.54,8.68,8.68,"90,950,000"
"Feb 1, 2011",8.53,8.65,8.48,8.61,8.61,"101,718,000"
"Jan 31, 2011",8.51,8.57,8.37,8.48,8.48,"134,362,000"
"Jan 28, 2011",8.57,8.69,8.35,8.56,8.56,"398,164,000"
"Jan 27, 2011",8.87,9.25,8.87,9.22,9.22,"291,888,000"
"Jan 26, 2011",8.88,8.89,8.73,8.77,8.77,"75,244,000"
"Jan 25, 2011",8.77,8.84,8.71,8.84,8.84,"93,020,000"
"Jan 24, 2011",8.9,8.92,8.71,8.84,8.84,"112,006,000"
"Jan 21, 2011",9.15,9.16,8.84,8.87,8.87,"136,124,000"
"Jan 20, 2011",9.26,9.34,9.05,9.1,9.1,"114,198,000"
"Jan 19, 2011",9.55,9.55,9.31,9.34,9.34,"77,648,000"
"Jan 18, 2011",9.43,9.58,9.41,9.56,9.56,"77,924,000"
"Jan 14, 2011",9.27,9.45,9.25,9.44,9.44,"73,256,000"
"Jan 13, 2011",9.18,9.32,9.18,9.28,9.28,"67,340,000"
"Jan 12, 2011",9.27,9.27,9.16,9.2,9.2,"53,582,000"
"Jan 11, 2011",9.27,9.3,9.16,9.22,9.22,"56,284,000"
"Jan 10, 2011",9.25,9.26,9.13,9.23,9.23,"67,518,000"
"Jan 7, 2011",9.39,9.42,9.19,9.27,9.27,"104,434,000"
"Jan 6, 2011",9.32,9.37,9.26,9.29,9.29,"63,594,000"
"Jan 5, 2011",9.2,9.37,9.2,9.37,9.37,"68,376,000"
"Jan 4, 2011",9.31,9.39,9.19,9.25,9.25,"100,636,000"
"Jan 3, 2011",9.07,9.3,9.06,9.21,9.21,"106,628,000"
"Dec 31, 2010",9.1,9.11,8.98,9,9,"69,038,000"
"Dec 30, 2010",9.2,9.23,9.14,9.14,9.14,"39,224,000"
"Dec 29, 2010",9.09,9.22,9.02,9.17,9.17,"62,402,000"
"Dec 28, 2010",9.1,9.14,9.05,9.05,9.05,"39,500,000"
"Dec 27, 2010",9.1,9.16,9.02,9.11,9.11,"44,988,000"
"Dec 23, 2010",9.22,9.25,9.09,9.13,9.13,"67,164,000"
"Dec 22, 2010",9.25,9.27,9.21,9.24,9.24,"51,562,000"
"Dec 21, 2010",9.19,9.28,9.13,9.24,9.24,"102,220,000"
"Dec 20, 2010",8.96,9.2,8.9,9.16,9.16,"174,706,000"
"Dec 17, 2010",8.92,8.94,8.85,8.88,8.88,"90,146,000"
"Dec 16, 2010",8.78,8.91,8.75,8.9,8.9,"82,430,000"
"Dec 15, 2010",8.69,8.95,8.68,8.78,8.78,"116,210,000"
"Dec 14, 2010",8.71,8.79,8.65,8.7,8.7,"73,706,000"
"Dec 13, 2010",8.82,8.9,8.69,8.71,8.71,"84,050,000"
"Dec 10, 2010",8.74,8.8,8.67,8.78,8.78,"71,310,000"
"Dec 9, 2010",8.89,8.91,8.69,8.74,8.74,"91,110,000"
"Dec 8, 2010",8.87,8.91,8.76,8.81,8.81,"74,538,000"
"Dec 7, 2010",9.02,9.07,8.83,8.84,8.84,"101,542,000"
"Dec 6, 2010",8.78,8.92,8.73,8.9,8.9,"113,084,000"
"Dec 3, 2010",8.77,8.82,8.7,8.78,8.78,"98,150,000"
"Dec 2, 2010",8.84,8.87,8.7,8.83,8.83,"110,752,000"
"Dec 1, 2010",8.96,8.97,8.8,8.83,8.83,"115,402,000"
"Nov 30, 2010",8.85,8.89,8.74,8.77,8.77,"135,244,000"
"Nov 29, 2010",9,9.09,8.88,8.97,8.97,"193,900,000"
"Nov 26, 2010",8.87,8.92,8.81,8.86,8.86,"85,432,000"
"Nov 24, 2010",8.58,8.89,8.58,8.86,8.86,"200,850,000"
"Nov 23, 2010",8.43,8.44,8.23,8.41,8.41,"129,306,000"
"Nov 22, 2010",8.26,8.53,8.25,8.52,8.52,"122,850,000"
"Nov 19, 2010",8.2,8.25,8.14,8.24,8.24,"89,296,000"
"Nov 18, 2010",8.04,8.25,8.04,8.21,8.21,"124,506,000"
"Nov 17, 2010",7.89,8.04,7.88,7.92,7.92,"90,498,000"
"Nov 16, 2010",7.94,8.05,7.84,7.89,7.89,"131,428,000"
"Nov 15, 2010",8.26,8.27,7.93,7.95,7.95,"192,972,000"
"Nov 12, 2010",8.51,8.56,8.25,8.28,8.28,"143,212,000"
"Nov 11, 2010",8.55,8.6,8.47,8.52,8.52,"113,834,000"
"Nov 10, 2010",8.53,8.67,8.47,8.67,8.67,"108,806,000"
"Nov 9, 2010",8.63,8.66,8.45,8.51,8.51,"79,572,000"
"Nov 8, 2010",8.54,8.66,8.44,8.6,8.6,"114,120,000"
"Nov 5, 2010",8.47,8.58,8.43,8.54,8.54,"104,244,000"
"Nov 4, 2010",8.49,8.63,8.42,8.45,8.45,"147,918,000"
"Nov 3, 2010",8.27,8.43,8.11,8.42,8.42,"122,242,000"
"Nov 2, 2010",8.19,8.3,8.17,8.23,8.23,"85,200,000"
"Nov 1, 2010",8.22,8.23,8.08,8.13,8.13,"104,798,000"
"Oct 29, 2010",8.29,8.43,8.24,8.26,8.26,"99,970,000"
"Oct 28, 2010",8.42,8.42,8.25,8.34,8.34,"93,688,000"
"Oct 27, 2010",8.45,8.49,8.33,8.38,8.38,"114,436,000"
"Oct 26, 2010",8.38,8.55,8.38,8.5,8.5,"93,792,000"
"Oct 25, 2010",8.58,8.6,8.42,8.45,8.45,"130,618,000"
"Oct 22, 2010",8.12,8.51,8.11,8.46,8.46,"326,368,000"
"Oct 21, 2010",8.13,8.31,8.06,8.25,8.25,"269,650,000"
"Oct 20, 2010",7.94,7.99,7.83,7.93,7.93,"115,808,000"
"Oct 19, 2010",8.03,8.14,7.85,7.93,7.93,"150,500,000"
"Oct 18, 2010",8.25,8.26,8.09,8.18,8.18,"126,626,000"
"Oct 15, 2010",7.92,8.24,7.84,8.23,8.23,"202,710,000"
"Oct 14, 2010",7.76,7.85,7.71,7.78,7.78,"80,482,000"
"Oct 13, 2010",7.83,7.84,7.69,7.76,7.76,"112,656,000"
"Oct 12, 2010",7.63,7.85,7.57,7.82,7.82,"105,616,000"
"Oct 11, 2010",7.74,7.83,7.62,7.65,7.65,"89,728,000"
"Oct 8, 2010",7.76,7.81,7.64,7.78,7.78,"138,368,000"
"Oct 7, 2010",7.83,7.87,7.67,7.81,7.81,"92,440,000"
"Oct 6, 2010",8.03,8.03,7.73,7.77,7.77,"121,216,000"
"Oct 5, 2010",7.85,8.06,7.85,8.04,8.04,"112,400,000"
"Oct 4, 2010",7.7,7.8,7.64,7.77,7.77,"106,930,000"
"Oct 1, 2010",7.85,7.87,7.61,7.69,7.69,"173,668,000"
"Sep 30, 2010",8,8.05,7.78,7.85,7.85,"152,120,000"
"Sep 29, 2010",7.95,8.09,7.89,7.95,7.95,"145,750,000"
"Sep 28, 2010",7.99,8.04,7.74,7.99,7.99,"169,884,000"
"Sep 27, 2010",8.01,8.06,7.89,7.97,7.97,"128,926,000"
"Sep 24, 2010",7.77,8.04,7.77,8.04,8.04,"211,812,000"
"Sep 23, 2010",7.56,7.8,7.55,7.64,7.64,"141,312,000"
"Sep 22, 2010",7.49,7.64,7.45,7.59,7.59,"132,248,000"
"Sep 21, 2010",7.54,7.67,7.48,7.54,7.54,"150,840,000"
"Sep 20, 2010",7.43,7.6,7.37,7.57,7.57,"128,988,000"
"Sep 17, 2010",7.45,7.45,7.32,7.42,7.42,"145,192,000"
"Sep 16, 2010",7.27,7.41,7.26,7.41,7.41,"116,540,000"
"Sep 15, 2010",7.24,7.28,7.18,7.27,7.27,"98,072,000"
"Sep 14, 2010",7.22,7.34,7.19,7.29,7.29,"86,388,000"
"Sep 13, 2010",7.2,7.29,7.19,7.25,7.25,"101,548,000"
"Sep 10, 2010",7.04,7.13,7,7.12,7.12,"100,872,000"
"Sep 9, 2010",7.02,7.07,6.96,7.02,7.02,"99,160,000"
"Sep 8, 2010",6.9,6.99,6.82,6.96,6.96,"116,570,000"
"Sep 7, 2010",6.88,6.93,6.84,6.86,6.86,"77,660,000"
"Sep 3, 2010",6.84,6.97,6.83,6.94,6.94,"131,624,000"
"Sep 2, 2010",6.61,6.76,6.6,6.76,6.76,"108,148,000"
"Sep 1, 2010",6.32,6.63,6.31,6.62,6.62,"142,766,000"
"Aug 31, 2010",6.14,6.3,6.13,6.24,6.24,"84,512,000"
"Aug 30, 2010",6.3,6.35,6.18,6.19,6.19,"68,520,000"
"Aug 27, 2010",6.27,6.33,6.11,6.33,6.33,"101,600,000"
"Aug 26, 2010",6.36,6.38,6.24,6.24,6.24,"93,890,000"
"Aug 25, 2010",6.19,6.37,6.19,6.34,6.34,"106,890,000"
"Aug 24, 2010",6.27,6.27,6.16,6.23,6.23,"107,394,000"
"Aug 23, 2010",6.39,6.46,6.32,6.33,6.33,"77,226,000"
"Aug 20, 2010",6.36,6.4,6.3,6.39,6.39,"83,402,000"
"Aug 19, 2010",6.46,6.5,6.34,6.38,6.38,"111,650,000"
"Aug 18, 2010",6.46,6.54,6.41,6.48,6.48,"158,030,000"
"Aug 17, 2010",6.37,6.5,6.34,6.44,6.44,"100,894,000"
"Aug 16, 2010",6.18,6.37,6.15,6.3,6.3,"80,494,000"
"Aug 13, 2010",6.3,6.37,6.21,6.23,6.23,"79,532,000"
"Aug 12, 2010",6.19,6.35,6.18,6.33,6.33,"87,358,000"
"Aug 11, 2010",6.41,6.41,6.26,6.29,6.29,"110,834,000"
"Aug 10, 2010",6.4,6.5,6.37,6.5,6.5,"114,138,000"
"Aug 9, 2010",6.42,6.5,6.39,6.44,6.44,"101,716,000"
"Aug 6, 2010",6.34,6.42,6.3,6.42,6.42,"101,304,000"
"Aug 5, 2010",6.34,6.4,6.29,6.39,6.39,"85,646,000"
"Aug 4, 2010",6.15,6.42,6.15,6.38,6.38,"185,416,000"
"Aug 3, 2010",6,6.14,5.98,6.12,6.12,"119,076,000"
"Aug 2, 2010",5.96,6.02,5.88,6,6,"108,874,000"
"Jul 30, 2010",5.78,5.94,5.73,5.89,5.89,"141,550,000"
"Jul 29, 2010",5.9,5.94,5.78,5.84,5.84,"123,516,000"
"Jul 28, 2010",5.85,5.91,5.82,5.86,5.86,"109,446,000"
"Jul 27, 2010",5.92,5.93,5.75,5.86,5.86,"155,922,000"
"Jul 26, 2010",5.91,5.93,5.74,5.92,5.92,"222,756,000"
"Jul 23, 2010",5.3,5.96,5.29,5.94,5.94,"848,422,000"
"Jul 22, 2010",5.94,6.04,5.9,6,6,"300,068,000"
"Jul 21, 2010",6.03,6.06,5.86,5.87,5.87,"100,234,000"
"Jul 20, 2010",6.03,6.04,5.88,6.01,6.01,"135,700,000"
"Jul 19, 2010",5.92,6.04,5.85,6,6,"100,618,000"
"Jul 16, 2010",6.06,6.1,5.9,5.92,5.92,"124,558,000"
"Jul 15, 2010",6.01,6.12,5.96,6.1,6.1,"120,954,000"
"Jul 14, 2010",6.15,6.19,6.07,6.16,6.16,"105,140,000"
"Jul 13, 2010",6.03,6.24,6.01,6.18,6.18,"141,822,000"
"Jul 12, 2010",5.89,5.99,5.87,5.98,5.98,"95,672,000"
"Jul 9, 2010",5.83,5.87,5.73,5.86,5.86,"81,302,000"
"Jul 8, 2010",5.75,5.87,5.7,5.81,5.81,"135,500,000"
"Jul 7, 2010",5.49,5.68,5.49,5.67,5.67,"98,820,000"
"Jul 6, 2010",5.53,5.63,5.45,5.5,5.5,"104,386,000"
"Jul 2, 2010",5.55,5.56,5.43,5.46,5.46,"89,542,000"
"Jul 1, 2010",5.45,5.58,5.34,5.55,5.55,"170,596,000"
"Jun 30, 2010",5.43,5.63,5.41,5.46,5.46,"194,814,000"
"Jun 29, 2010",5.81,5.82,5.3,5.43,5.43,"257,326,000"
"Jun 28, 2010",5.94,6,5.86,5.89,5.89,"112,244,000"
"Jun 25, 2010",5.91,6.09,5.88,6.05,6.05,"115,394,000"
"Jun 24, 2010",6.03,6.04,5.84,5.92,5.92,"155,422,000"
"Jun 23, 2010",6.11,6.16,6,6.07,6.07,"109,102,000"
"Jun 22, 2010",6.13,6.26,6.08,6.12,6.12,"124,144,000"
"Jun 21, 2010",6.34,6.37,6.07,6.13,6.13,"106,554,000"
"Jun 18, 2010",6.32,6.37,6.25,6.29,6.29,"76,720,000"
"Jun 17, 2010",6.34,6.39,6.23,6.29,6.29,"69,580,000"
"Jun 16, 2010",6.27,6.4,6.27,6.34,6.34,"79,286,000"
"Jun 15, 2010",6.16,6.35,6.13,6.34,6.34,"90,820,000"
"Jun 14, 2010",6.21,6.28,6.18,6.19,6.19,"78,460,000"
"Jun 11, 2010",6.07,6.18,6.01,6.15,6.15,"84,092,000"
"Jun 10, 2010",6,6.18,5.96,6.16,6.16,"121,236,000"
"Jun 9, 2010",6.02,6.07,5.87,5.9,5.9,"147,384,000"
"Jun 8, 2010",6.1,6.1,5.79,5.94,5.94,"229,688,000"
"Jun 7, 2010",6.29,6.33,6.08,6.1,6.1,"131,328,000"
"Jun 4, 2010",6.32,6.41,6.11,6.14,6.14,"109,954,000"
"Jun 3, 2010",6.31,6.46,6.24,6.44,6.44,"105,538,000"
"Jun 2, 2010",6.2,6.32,6.08,6.32,6.32,"95,294,000"
"Jun 1, 2010",6.25,6.33,6.15,6.16,6.16,"73,190,000"
"May 28, 2010",6.3,6.38,6.2,6.27,6.27,"79,096,000"
"May 27, 2010",6.25,6.34,6.03,6.34,6.34,"94,954,000"
"May 26, 2010",6.25,6.29,6.11,6.16,6.16,"139,292,000"
"May 25, 2010",5.93,6.26,5.93,6.24,6.24,"138,268,000"
"May 24, 2010",6.13,6.22,6.03,6.11,6.11,"90,718,000"
"May 21, 2010",5.89,6.25,5.88,6.14,6.14,"159,338,000"
"May 20, 2010",6.13,6.25,5.94,5.99,5.99,"171,888,000"
"May 19, 2010",6.28,6.4,6.19,6.23,6.23,"129,266,000"
"May 18, 2010",6.51,6.56,6.28,6.31,6.31,"105,138,000"
"May 17, 2010",6.41,6.5,6.29,6.45,6.45,"112,844,000"
"May 14, 2010",6.52,6.55,6.34,6.43,6.43,"105,556,000"
"May 13, 2010",6.7,6.85,6.55,6.57,6.57,"118,804,000"
"May 12, 2010",6.57,6.71,6.48,6.69,6.69,"118,090,000"
"May 11, 2010",6.5,6.65,6.42,6.52,6.52,"120,882,000"
"May 10, 2010",6.49,6.61,6.46,6.56,6.56,"136,122,000"
"May 7, 2010",6.4,6.56,6.19,6.25,6.25,"238,552,000"
"May 6, 2010",6.5,6.62,6.03,6.44,6.44,"203,780,000"
"May 5, 2010",6.4,6.58,6.38,6.55,6.55,"189,162,000"
"May 4, 2010",6.78,6.79,6.42,6.49,6.49,"253,356,000"
"May 3, 2010",6.86,6.97,6.81,6.87,6.87,"113,092,000"
"Apr 30, 2010",7.07,7.07,6.85,6.86,6.86,"122,270,000"
"Apr 29, 2010",7,7.12,6.99,7.09,7.09,"126,284,000"
"Apr 28, 2010",7.13,7.14,6.93,6.97,6.97,"184,706,000"
"Apr 27, 2010",7.28,7.32,7.06,7.1,7.1,"172,780,000"
"Apr 26, 2010",7.16,7.39,7.14,7.36,7.36,"186,366,000"
"Apr 23, 2010",7.27,7.45,7.12,7.18,7.18,"379,504,000"
"Apr 22, 2010",7.35,7.55,7.29,7.5,7.5,"303,316,000"
"Apr 21, 2010",7.26,7.45,7.18,7.32,7.32,"147,488,000"
"Apr 20, 2010",7.19,7.23,7.11,7.21,7.21,"86,234,000"
"Apr 19, 2010",7.12,7.18,6.96,7.12,7.12,"120,440,000"
"Apr 16, 2010",7.24,7.36,7.07,7.11,7.11,"167,936,000"
"Apr 15, 2010",7.23,7.35,7.2,7.29,7.29,"156,592,000"
"Apr 14, 2010",7.02,7.22,6.96,7.21,7.21,"158,006,000"
"Apr 13, 2010",7.06,7.1,6.96,7.01,7.01,"95,710,000"
"Apr 12, 2010",7,7.15,6.98,7.06,7.06,"108,906,000"
"Apr 9, 2010",7.04,7.07,6.95,7,7,"120,222,000"
"Apr 8, 2010",6.74,7.06,6.74,7.05,7.05,"253,782,000"
"Apr 7, 2010",6.8,6.8,6.69,6.74,6.74,"118,908,000"
"Apr 6, 2010",6.56,6.8,6.56,6.78,6.78,"159,006,000"
"Apr 5, 2010",6.64,6.69,6.54,6.57,6.57,"116,330,000"
"Apr 1, 2010",6.79,6.83,6.56,6.59,6.59,"175,716,000"
"Mar 31, 2010",6.8,6.84,6.72,6.79,6.79,"92,012,000"
"Mar 30, 2010",6.79,6.91,6.77,6.83,6.83,"123,854,000"
"Mar 29, 2010",6.77,6.83,6.72,6.76,6.76,"92,538,000"
"Mar 26, 2010",6.74,6.85,6.69,6.75,6.75,"131,314,000"
"Mar 25, 2010",6.46,6.85,6.4,6.74,6.74,"324,192,000"
"Mar 24, 2010",6.43,6.47,6.36,6.4,6.4,"93,928,000"
"Mar 23, 2010",6.54,6.55,6.4,6.46,6.46,"84,262,000"
"Mar 22, 2010",6.51,6.55,6.43,6.52,6.52,"107,668,000"
"Mar 19, 2010",6.69,6.69,6.48,6.52,6.52,"178,100,000"
"Mar 18, 2010",6.55,6.64,6.52,6.64,6.64,"100,426,000"
"Mar 17, 2010",6.62,6.63,6.56,6.57,6.57,"87,176,000"
"Mar 16, 2010",6.56,6.61,6.53,6.59,6.59,"82,650,000"
"Mar 15, 2010",6.59,6.6,6.43,6.56,6.56,"126,584,000"
"Mar 12, 2010",6.71,6.71,6.56,6.59,6.59,"123,016,000"
"Mar 11, 2010",6.52,6.68,6.52,6.68,6.68,"144,816,000"
"Mar 10, 2010",6.46,6.56,6.42,6.53,6.53,"112,514,000"
"Mar 9, 2010",6.48,6.54,6.4,6.44,6.44,"121,416,000"
"Mar 8, 2010",6.41,6.54,6.39,6.51,6.51,"112,118,000"
"Mar 5, 2010",6.46,6.47,6.35,6.45,6.45,"135,386,000"
"Mar 4, 2010",6.3,6.44,6.28,6.43,6.43,"150,194,000"
"Mar 3, 2010",6.27,6.35,6.22,6.29,6.29,"128,808,000"
"Mar 2, 2010",6.25,6.37,6.24,6.28,6.28,"241,950,000"
"Mar 1, 2010",5.93,6.23,5.88,6.23,6.23,"265,930,000"
"Feb 26, 2010",5.89,5.97,5.85,5.92,5.92,"114,432,000"
"Feb 25, 2010",5.91,5.92,5.79,5.91,5.91,"190,668,000"
"Feb 24, 2010",5.9,5.99,5.86,5.99,5.99,"147,798,000"
"Feb 23, 2010",5.9,5.96,5.83,5.86,5.86,"141,364,000"
"Feb 22, 2010",5.87,5.95,5.81,5.9,5.9,"136,146,000"
"Feb 19, 2010",5.9,5.95,5.85,5.88,5.88,"142,312,000"
"Feb 18, 2010",5.79,5.93,5.74,5.9,5.9,"196,002,000"
"Feb 17, 2010",5.85,5.86,5.78,5.82,5.82,"178,896,000"
"Feb 16, 2010",6,6.03,5.86,5.88,5.88,"178,654,000"
"Feb 12, 2010",5.95,6,5.88,5.98,5.98,"161,470,000"
"Feb 11, 2010",5.86,6.02,5.82,6,6,"166,870,000"
"Feb 10, 2010",5.9,5.93,5.8,5.87,5.87,"124,664,000"
"Feb 9, 2010",5.91,5.95,5.85,5.9,5.9,"184,460,000"
"Feb 8, 2010",5.97,6.05,5.83,5.84,5.84,"197,804,000"
"Feb 5, 2010",5.79,5.88,5.7,5.87,5.87,"220,496,000"
"Feb 4, 2010",5.93,6.02,5.79,5.8,5.8,"255,680,000"
"Feb 3, 2010",5.86,5.98,5.83,5.95,5.95,"248,118,000"
"Feb 2, 2010",5.94,5.95,5.72,5.91,5.91,"461,594,000"
"Feb 1, 2010",6.16,6.24,5.69,5.94,5.94,"755,488,000"